dcterms:identifier,dcterms:title,class
ZAH001-1,ZAH001毛太紙 観察ポイント1,paper:Point
ZAH001-2,ZAH001毛太紙 観察ポイント2,paper:Point
ZAH001-3,ZAH001毛太紙 観察ポイント3,paper:Point
ZAH001-4,ZAH001毛太紙 観察ポイント4,paper:Point
ZAH001-5,ZAH001毛太紙 観察ポイント5,paper:Point
ZDH018-1,ZDH018機粉連史紙 観察ポイント1,paper:Point
ZDH018-2,ZDH018機粉連史紙 観察ポイント2,paper:Point
ZDH018-3,ZDH018機粉連史紙 観察ポイント3,paper:Point
ZDH018-4,ZDH018機粉連史紙 観察ポイント4,paper:Point
ZDH018-5,ZDH018機粉連史紙 観察ポイント5,paper:Point
ZEH019-1,ZEH019本色連史紙一号 観察ポイント1,paper:Point
ZEH019-2,ZEH019本色連史紙一号 観察ポイント2,paper:Point
ZEH019-3,ZEH019本色連史紙一号 観察ポイント3,paper:Point
ZEH019-4,ZEH019本色連史紙一号 観察ポイント4,paper:Point
ZEH019-5,ZEH019本色連史紙一号 観察ポイント5,paper:Point
ZEH021-1,ZEH021本色連史紙三号 観察ポイント1,paper:Point
ZEH021-2,ZEH021本色連史紙三号 観察ポイント2,paper:Point
ZEH021-3,ZEH021本色連史紙三号 観察ポイント3,paper:Point
ZEH021-4,ZEH021本色連史紙三号 観察ポイント4,paper:Point
ZEH021-5,ZEH021本色連史紙三号 観察ポイント5,paper:Point
ZFC022-1,ZFC022古法連四紙 観察ポイント1,paper:Point
ZFC022-2,ZFC022古法連四紙 観察ポイント2,paper:Point
ZFC022-3,ZFC022古法連四紙 観察ポイント3,paper:Point
ZFC022-4,ZFC022古法連四紙 観察ポイント4,paper:Point
ZFC022-5,ZFC022古法連四紙 観察ポイント5,paper:Point
ZFC023-1,ZFC023古法連四紙一点六グラム 観察ポイント1,paper:Point
ZFC023-2,ZFC023古法連四紙一点六グラム 観察ポイント2,paper:Point
ZFC023-3,ZFC023古法連四紙一点六グラム 観察ポイント3,paper:Point
ZFC023-4,ZFC023古法連四紙一点六グラム 観察ポイント4,paper:Point
ZFC023-5,ZFC023古法連四紙一点六グラム 観察ポイント5,paper:Point
ZGG024-1,ZGG024苦竹生料混料 観察ポイント1,paper:Point
ZGG024-2,ZGG024苦竹生料混料 観察ポイント2,paper:Point
ZGG024-3,ZGG024苦竹生料混料 観察ポイント3,paper:Point
ZGG024-4,ZGG024苦竹生料混料 観察ポイント4,paper:Point
ZGG024-5,ZGG024苦竹生料混料 観察ポイント5,paper:Point
ZGG025-1,ZGG025苦竹生料混料 観察ポイント1,paper:Point
ZGG025-2,ZGG025苦竹生料混料 観察ポイント2,paper:Point
ZGG025-3,ZGG025苦竹生料混料 観察ポイント3,paper:Point
ZGG025-4,ZGG025苦竹生料混料 観察ポイント4,paper:Point
ZGG025-5,ZGG025苦竹生料混料 観察ポイント5,paper:Point
ZGG026-1,ZGG026苦竹生料混料 観察ポイント1,paper:Point
ZGG026-2,ZGG026苦竹生料混料 観察ポイント2,paper:Point
ZGG026-3,ZGG026苦竹生料混料 観察ポイント3,paper:Point
ZGG026-4,ZGG026苦竹生料混料 観察ポイント4,paper:Point
ZGG026-5,ZGG026苦竹生料混料 観察ポイント5,paper:Point
ZGG027-1,ZGG027苦竹生料混料 観察ポイント1,paper:Point
ZGG027-2,ZGG027苦竹生料混料 観察ポイント2,paper:Point
ZGG027-3,ZGG027苦竹生料混料 観察ポイント3,paper:Point
ZGG027-4,ZGG027苦竹生料混料 観察ポイント4,paper:Point
ZGG027-5,ZGG027苦竹生料混料 観察ポイント5,paper:Point
ZGG028-1,ZGG028苦竹生料混料 観察ポイント1,paper:Point
ZGG028-2,ZGG028苦竹生料混料 観察ポイント2,paper:Point
ZGG028-3,ZGG028苦竹生料混料 観察ポイント3,paper:Point
ZGG028-4,ZGG028苦竹生料混料 観察ポイント4,paper:Point
ZGG028-5,ZGG028苦竹生料混料 観察ポイント5,paper:Point
ZGG029-1,ZGG029苦竹生料混料 観察ポイント1,paper:Point
ZGG029-2,ZGG029苦竹生料混料 観察ポイント2,paper:Point
ZGG029-3,ZGG029苦竹生料混料 観察ポイント3,paper:Point
ZGG029-4,ZGG029苦竹生料混料 観察ポイント4,paper:Point
ZGG029-5,ZGG029苦竹生料混料 観察ポイント5,paper:Point
ZGG030-1,ZGG030苦竹生料混料 観察ポイント1,paper:Point
ZGG030-2,ZGG030苦竹生料混料 観察ポイント2,paper:Point
ZGG030-3,ZGG030苦竹生料混料 観察ポイント3,paper:Point
ZGG030-4,ZGG030苦竹生料混料 観察ポイント4,paper:Point
ZGG030-5,ZGG030苦竹生料混料 観察ポイント5,paper:Point
ZHG031-1,ZHG031苦竹生料竹料 観察ポイント1,paper:Point
ZHG031-2,ZHG031苦竹生料竹料 観察ポイント2,paper:Point
ZHG031-3,ZHG031苦竹生料竹料 観察ポイント3,paper:Point
ZHG031-4,ZHG031苦竹生料竹料 観察ポイント4,paper:Point
ZHG031-5,ZHG031苦竹生料竹料 観察ポイント5,paper:Point
ZHG032-1,ZHG032苦竹生料竹料 観察ポイント1,paper:Point
ZHG032-2,ZHG032苦竹生料竹料 観察ポイント2,paper:Point
ZHG032-3,ZHG032苦竹生料竹料 観察ポイント3,paper:Point
ZHG032-4,ZHG032苦竹生料竹料 観察ポイント4,paper:Point
ZHG032-5,ZHG032苦竹生料竹料 観察ポイント5,paper:Point
ZHG034-1,ZHG034苦竹生料竹料 観察ポイント1,paper:Point
ZHG034-2,ZHG034苦竹生料竹料 観察ポイント2,paper:Point
ZHG034-3,ZHG034苦竹生料竹料 観察ポイント3,paper:Point
ZHG034-4,ZHG034苦竹生料竹料 観察ポイント4,paper:Point
ZHG034-5,ZHG034苦竹生料竹料 観察ポイント5,paper:Point
ZHG035-1,ZHG035苦竹生料竹料 観察ポイント1,paper:Point
ZHG035-2,ZHG035苦竹生料竹料 観察ポイント2,paper:Point
ZHG035-3,ZHG035苦竹生料竹料 観察ポイント3,paper:Point
ZHG035-4,ZHG035苦竹生料竹料 観察ポイント4,paper:Point
ZHG035-5,ZHG035苦竹生料竹料 観察ポイント5,paper:Point
ZHG036-1,ZHG036苦竹生料竹料 観察ポイント1,paper:Point
ZHG036-2,ZHG036苦竹生料竹料 観察ポイント2,paper:Point
ZHG036-3,ZHG036苦竹生料竹料 観察ポイント3,paper:Point
ZHG036-4,ZHG036苦竹生料竹料 観察ポイント4,paper:Point
ZHG036-5,ZHG036苦竹生料竹料 観察ポイント5,paper:Point
ZHG037-1,ZHG037苦竹生料竹料 観察ポイント1,paper:Point
ZHG037-2,ZHG037苦竹生料竹料 観察ポイント2,paper:Point
ZHG037-3,ZHG037苦竹生料竹料 観察ポイント3,paper:Point
ZHG037-4,ZHG037苦竹生料竹料 観察ポイント4,paper:Point
ZHG037-5,ZHG037苦竹生料竹料 観察ポイント5,paper:Point
ZIG038-1,ZIG038苦竹熟料混料 観察ポイント1,paper:Point
ZIG038-2,ZIG038苦竹熟料混料 観察ポイント2,paper:Point
ZIG038-3,ZIG038苦竹熟料混料 観察ポイント3,paper:Point
ZIG038-4,ZIG038苦竹熟料混料 観察ポイント4,paper:Point
ZIG038-5,ZIG038苦竹熟料混料 観察ポイント5,paper:Point
ZIG039-1,ZIG039苦竹熟料混料 観察ポイント1,paper:Point
ZIG039-2,ZIG039苦竹熟料混料 観察ポイント2,paper:Point
ZIG039-3,ZIG039苦竹熟料混料 観察ポイント3,paper:Point
ZIG039-4,ZIG039苦竹熟料混料 観察ポイント4,paper:Point
ZIG039-5,ZIG039苦竹熟料混料 観察ポイント5,paper:Point
ZIG040-1,ZIG040苦竹熟料混料 観察ポイント1,paper:Point
ZIG040-2,ZIG040苦竹熟料混料 観察ポイント2,paper:Point
ZIG040-3,ZIG040苦竹熟料混料 観察ポイント3,paper:Point
ZIG040-4,ZIG040苦竹熟料混料 観察ポイント4,paper:Point
ZIG040-5,ZIG040苦竹熟料混料 観察ポイント5,paper:Point
ZIG041-1,ZIG041苦竹熟料混料 観察ポイント1,paper:Point
ZIG041-2,ZIG041苦竹熟料混料 観察ポイント2,paper:Point
ZIG041-3,ZIG041苦竹熟料混料 観察ポイント3,paper:Point
ZIG041-4,ZIG041苦竹熟料混料 観察ポイント4,paper:Point
ZIG041-5,ZIG041苦竹熟料混料 観察ポイント5,paper:Point
ZIG042-1,ZIG042苦竹熟料混料 観察ポイント1,paper:Point
ZIG042-2,ZIG042苦竹熟料混料 観察ポイント2,paper:Point
ZIG042-3,ZIG042苦竹熟料混料 観察ポイント3,paper:Point
ZIG042-4,ZIG042苦竹熟料混料 観察ポイント4,paper:Point
ZIG042-5,ZIG042苦竹熟料混料 観察ポイント5,paper:Point
ZIG043-1,ZIG043苦竹熟料混料 観察ポイント1,paper:Point
ZIG043-2,ZIG043苦竹熟料混料 観察ポイント2,paper:Point
ZIG043-3,ZIG043苦竹熟料混料 観察ポイント3,paper:Point
ZIG043-4,ZIG043苦竹熟料混料 観察ポイント4,paper:Point
ZIG043-5,ZIG043苦竹熟料混料 観察ポイント5,paper:Point
ZIG044-1,ZIG044苦竹熟料混料 観察ポイント1,paper:Point
ZIG044-2,ZIG044苦竹熟料混料 観察ポイント2,paper:Point
ZIG044-3,ZIG044苦竹熟料混料 観察ポイント3,paper:Point
ZIG044-4,ZIG044苦竹熟料混料 観察ポイント4,paper:Point
ZIG044-5,ZIG044苦竹熟料混料 観察ポイント5,paper:Point
ZIG045-1,ZIG045苦竹熟料混料 観察ポイント1,paper:Point
ZIG045-2,ZIG045苦竹熟料混料 観察ポイント2,paper:Point
ZIG045-3,ZIG045苦竹熟料混料 観察ポイント3,paper:Point
ZIG045-4,ZIG045苦竹熟料混料 観察ポイント4,paper:Point
ZIG045-5,ZIG045苦竹熟料混料 観察ポイント5,paper:Point
ZJG046-1,ZJG046苦竹熟料竹料 観察ポイント1,paper:Point
ZJG046-2,ZJG046苦竹熟料竹料 観察ポイント2,paper:Point
ZJG046-3,ZJG046苦竹熟料竹料 観察ポイント3,paper:Point
ZJG046-4,ZJG046苦竹熟料竹料 観察ポイント4,paper:Point
ZJG046-5,ZJG046苦竹熟料竹料 観察ポイント5,paper:Point
ZJG047-1,ZJG047苦竹熟料竹料 観察ポイント1,paper:Point
ZJG047-2,ZJG047苦竹熟料竹料 観察ポイント2,paper:Point
ZJG047-3,ZJG047苦竹熟料竹料 観察ポイント3,paper:Point
ZJG047-4,ZJG047苦竹熟料竹料 観察ポイント4,paper:Point
ZJG047-5,ZJG047苦竹熟料竹料 観察ポイント5,paper:Point
ZJG048-1,ZJG048苦竹熟料竹料 観察ポイント1,paper:Point
ZJG048-2,ZJG048苦竹熟料竹料 観察ポイント2,paper:Point
ZJG048-3,ZJG048苦竹熟料竹料 観察ポイント3,paper:Point
ZJG048-4,ZJG048苦竹熟料竹料 観察ポイント4,paper:Point
ZJG048-5,ZJG048苦竹熟料竹料 観察ポイント5,paper:Point
ZJG049-1,ZJG049苦竹熟料竹料 観察ポイント1,paper:Point
ZJG049-2,ZJG049苦竹熟料竹料 観察ポイント2,paper:Point
ZJG049-3,ZJG049苦竹熟料竹料 観察ポイント3,paper:Point
ZJG049-4,ZJG049苦竹熟料竹料 観察ポイント4,paper:Point
ZJG049-5,ZJG049苦竹熟料竹料 観察ポイント5,paper:Point
ZJG050-1,ZJG050苦竹熟料竹料 観察ポイント1,paper:Point
ZJG050-2,ZJG050苦竹熟料竹料 観察ポイント2,paper:Point
ZJG050-3,ZJG050苦竹熟料竹料 観察ポイント3,paper:Point
ZJG050-4,ZJG050苦竹熟料竹料 観察ポイント4,paper:Point
ZJG050-5,ZJG050苦竹熟料竹料 観察ポイント5,paper:Point
ZJG051-1,ZJG051苦竹熟料竹料 観察ポイント1,paper:Point
ZJG051-2,ZJG051苦竹熟料竹料 観察ポイント2,paper:Point
ZJG051-3,ZJG051苦竹熟料竹料 観察ポイント3,paper:Point
ZJG051-4,ZJG051苦竹熟料竹料 観察ポイント4,paper:Point
ZJG051-5,ZJG051苦竹熟料竹料 観察ポイント5,paper:Point
ZJG052-1,ZJG052苦竹熟料竹料 観察ポイント1,paper:Point
ZJG052-2,ZJG052苦竹熟料竹料 観察ポイント2,paper:Point
ZJG052-3,ZJG052苦竹熟料竹料 観察ポイント3,paper:Point
ZJG052-4,ZJG052苦竹熟料竹料 観察ポイント4,paper:Point
ZJG052-5,ZJG052苦竹熟料竹料 観察ポイント5,paper:Point
ZKG053-1,ZKG053毛竹生料混料 観察ポイント1,paper:Point
ZKG053-2,ZKG053毛竹生料混料 観察ポイント2,paper:Point
ZKG053-3,ZKG053毛竹生料混料 観察ポイント3,paper:Point
ZKG053-4,ZKG053毛竹生料混料 観察ポイント4,paper:Point
ZKG053-5,ZKG053毛竹生料混料 観察ポイント5,paper:Point
ZKG054-1,ZKG054毛竹生料混料 観察ポイント1,paper:Point
ZKG054-2,ZKG054毛竹生料混料 観察ポイント2,paper:Point
ZKG054-3,ZKG054毛竹生料混料 観察ポイント3,paper:Point
ZKG054-4,ZKG054毛竹生料混料 観察ポイント4,paper:Point
ZKG054-5,ZKG054毛竹生料混料 観察ポイント5,paper:Point
ZKG055-1,ZKG055毛竹生料混料 観察ポイント1,paper:Point
ZKG055-2,ZKG055毛竹生料混料 観察ポイント2,paper:Point
ZKG055-3,ZKG055毛竹生料混料 観察ポイント3,paper:Point
ZKG055-4,ZKG055毛竹生料混料 観察ポイント4,paper:Point
ZKG055-5,ZKG055毛竹生料混料 観察ポイント5,paper:Point
ZKG056-1,ZKG056毛竹生料混料 観察ポイント1,paper:Point
ZKG056-2,ZKG056毛竹生料混料 観察ポイント2,paper:Point
ZKG056-3,ZKG056毛竹生料混料 観察ポイント3,paper:Point
ZKG056-4,ZKG056毛竹生料混料 観察ポイント4,paper:Point
ZKG056-5,ZKG056毛竹生料混料 観察ポイント5,paper:Point
PEG001-1,PEG001構紙 観察ポイント1,paper:Point
PEG001-2,PEG001構紙 観察ポイント2,paper:Point
PEG001-3,PEG001構紙 観察ポイント3,paper:Point
PEG001-4,PEG001構紙 観察ポイント4,paper:Point
PEG001-5,PEG001構紙 観察ポイント5,paper:Point
PKG002-1,PKG002雁皮紙 観察ポイント1,paper:Point
PKG002-2,PKG002雁皮紙 観察ポイント2,paper:Point
PKG002-3,PKG002雁皮紙 観察ポイント3,paper:Point
PKG002-4,PKG002雁皮紙 観察ポイント4,paper:Point
PKG002-5,PKG002雁皮紙 観察ポイント5,paper:Point
PBH003-1,PBH003小綿紙 観察ポイント1,paper:Point
PBH003-2,PBH003小綿紙 観察ポイント2,paper:Point
PBH003-3,PBH003小綿紙 観察ポイント3,paper:Point
PBH003-4,PBH003小綿紙 観察ポイント4,paper:Point
PBH003-5,PBH003小綿紙 観察ポイント5,paper:Point
PBG004-1,PBG004大綿紙 観察ポイント1,paper:Point
PBG004-2,PBG004大綿紙 観察ポイント2,paper:Point
PBG004-3,PBG004大綿紙 観察ポイント3,paper:Point
PBG004-4,PBG004大綿紙 観察ポイント4,paper:Point
PBG004-5,PBG004大綿紙 観察ポイント5,paper:Point
PCG006-1,PCG006薄皮紙 観察ポイント1,paper:Point
PCG006-2,PCG006薄皮紙 観察ポイント2,paper:Point
PCG006-3,PCG006薄皮紙 観察ポイント3,paper:Point
PCG006-4,PCG006薄皮紙 観察ポイント4,paper:Point
PCG006-5,PCG006薄皮紙 観察ポイント5,paper:Point
PDG007-1,PDG007楮皮紙 観察ポイント1,paper:Point
PDG007-2,PDG007楮皮紙 観察ポイント2,paper:Point
PDG007-3,PDG007楮皮紙 観察ポイント3,paper:Point
PDG007-4,PDG007楮皮紙 観察ポイント4,paper:Point
PDG007-5,PDG007楮皮紙 観察ポイント5,paper:Point
PEG010-1,PEG010構皮一号 観察ポイント1,paper:Point
PEG010-2,PEG010構皮一号 観察ポイント2,paper:Point
PEG010-3,PEG010構皮一号 観察ポイント3,paper:Point
PEG010-4,PEG010構皮一号 観察ポイント4,paper:Point
PEG010-5,PEG010構皮一号 観察ポイント5,paper:Point
PEG011-1,PEG011構皮二号 観察ポイント1,paper:Point
PEG011-2,PEG011構皮二号 観察ポイント2,paper:Point
PEG011-3,PEG011構皮二号 観察ポイント3,paper:Point
PEG011-4,PEG011構皮二号 観察ポイント4,paper:Point
PEG011-5,PEG011構皮二号 観察ポイント5,paper:Point
PEG012-1,PEG012構皮二号 観察ポイント1,paper:Point
PEG012-2,PEG012構皮二号 観察ポイント2,paper:Point
PEG012-3,PEG012構皮二号 観察ポイント3,paper:Point
PEG012-4,PEG012構皮二号 観察ポイント4,paper:Point
PEG012-5,PEG012構皮二号 観察ポイント5,paper:Point
PEG013-1,PEG013構皮六号 観察ポイント1,paper:Point
PEG013-2,PEG013構皮六号 観察ポイント2,paper:Point
PEG013-3,PEG013構皮六号 観察ポイント3,paper:Point
PEG013-4,PEG013構皮六号 観察ポイント4,paper:Point
PEG013-5,PEG013構皮六号 観察ポイント5,paper:Point
PEG014-1,PEG014構皮六号 観察ポイント1,paper:Point
PEG014-2,PEG014構皮六号 観察ポイント2,paper:Point
PEG014-3,PEG014構皮六号 観察ポイント3,paper:Point
PEG014-4,PEG014構皮六号 観察ポイント4,paper:Point
PEG014-5,PEG014構皮六号 観察ポイント5,paper:Point
PEG015-1,PEG015構皮八号 観察ポイント1,paper:Point
PEG015-2,PEG015構皮八号 観察ポイント2,paper:Point
PEG015-3,PEG015構皮八号 観察ポイント3,paper:Point
PEG015-4,PEG015構皮八号 観察ポイント4,paper:Point
PEG015-5,PEG015構皮八号 観察ポイント5,paper:Point
PEG016-1,PEG016構皮十一号 観察ポイント1,paper:Point
PEG016-2,PEG016構皮十一号 観察ポイント2,paper:Point
PEG016-3,PEG016構皮十一号 観察ポイント3,paper:Point
PEG016-4,PEG016構皮十一号 観察ポイント4,paper:Point
PEG016-5,PEG016構皮十一号 観察ポイント5,paper:Point
PGG018-1,PGG018マニラ皮紙一号 観察ポイント1,paper:Point
PGG018-2,PGG018マニラ皮紙一号 観察ポイント2,paper:Point
PGG018-3,PGG018マニラ皮紙一号 観察ポイント3,paper:Point
PGG018-4,PGG018マニラ皮紙一号 観察ポイント4,paper:Point
PGG018-5,PGG018マニラ皮紙一号 観察ポイント5,paper:Point
PGG019-1,PGG019マニラ皮紙二号 観察ポイント1,paper:Point
PGG019-2,PGG019マニラ皮紙二号 観察ポイント2,paper:Point
PGG019-3,PGG019マニラ皮紙二号 観察ポイント3,paper:Point
PGG019-4,PGG019マニラ皮紙二号 観察ポイント4,paper:Point
PGG019-5,PGG019マニラ皮紙二号 観察ポイント5,paper:Point
PGG020-1,PGG020マニラ皮紙三号 観察ポイント1,paper:Point
PGG020-2,PGG020マニラ皮紙三号 観察ポイント2,paper:Point
PGG020-3,PGG020マニラ皮紙三号 観察ポイント3,paper:Point
PGG020-4,PGG020マニラ皮紙三号 観察ポイント4,paper:Point
PGG020-5,PGG020マニラ皮紙三号 観察ポイント5,paper:Point
PGG021-1,PGG021マニラ皮紙四号 観察ポイント1,paper:Point
PGG021-2,PGG021マニラ皮紙四号 観察ポイント2,paper:Point
PGG021-3,PGG021マニラ皮紙四号 観察ポイント3,paper:Point
PGG021-4,PGG021マニラ皮紙四号 観察ポイント4,paper:Point
PGG021-5,PGG021マニラ皮紙四号 観察ポイント5,paper:Point
PHG028-1,PHG028皮紙七号 観察ポイント1,paper:Point
PHG028-2,PHG028皮紙七号 観察ポイント2,paper:Point
PHG028-3,PHG028皮紙七号 観察ポイント3,paper:Point
PHG028-4,PHG028皮紙七号 観察ポイント4,paper:Point
PHG028-5,PHG028皮紙七号 観察ポイント5,paper:Point
PIG029-1,PIG029桑皮薄皮紙 観察ポイント1,paper:Point
PIG029-2,PIG029桑皮薄皮紙 観察ポイント2,paper:Point
PIG029-3,PIG029桑皮薄皮紙 観察ポイント3,paper:Point
PIG029-4,PIG029桑皮薄皮紙 観察ポイント4,paper:Point
PIG029-5,PIG029桑皮薄皮紙 観察ポイント5,paper:Point
PIG030-1,PIG030桑皮薄単宣 観察ポイント1,paper:Point
PIG030-2,PIG030桑皮薄単宣 観察ポイント2,paper:Point
PIG030-3,PIG030桑皮薄単宣 観察ポイント3,paper:Point
PIG030-4,PIG030桑皮薄単宣 観察ポイント4,paper:Point
PIG030-5,PIG030桑皮薄単宣 観察ポイント5,paper:Point
PIG031-1,PIG031桑皮標準単宣 観察ポイント1,paper:Point
PIG031-2,PIG031桑皮標準単宣 観察ポイント2,paper:Point
PIG031-3,PIG031桑皮標準単宣 観察ポイント3,paper:Point
PIG031-4,PIG031桑皮標準単宣 観察ポイント4,paper:Point
PIG031-5,PIG031桑皮標準単宣 観察ポイント5,paper:Point
PKA035-1,PKA035雁皮紙 観察ポイント1,paper:Point
PKA035-2,PKA035雁皮紙 観察ポイント2,paper:Point
PKA035-3,PKA035雁皮紙 観察ポイント3,paper:Point
PKA035-4,PKA035雁皮紙 観察ポイント4,paper:Point
PKA035-5,PKA035雁皮紙 観察ポイント5,paper:Point
PLA036-1,PLA036山椏薄皮紙 観察ポイント1,paper:Point
PLA036-2,PLA036山椏薄皮紙 観察ポイント2,paper:Point
PLA036-3,PLA036山椏薄皮紙 観察ポイント3,paper:Point
PLA036-4,PLA036山椏薄皮紙 観察ポイント4,paper:Point
PLA036-5,PLA036山椏薄皮紙 観察ポイント5,paper:Point
PIB038-1,PIB038桑皮薄単宣二 観察ポイント1,paper:Point
PIB038-2,PIB038桑皮薄単宣二 観察ポイント2,paper:Point
PIB038-3,PIB038桑皮薄単宣二 観察ポイント3,paper:Point
PIB038-4,PIB038桑皮薄単宣二 観察ポイント4,paper:Point
PIB038-5,PIB038桑皮薄単宣二 観察ポイント5,paper:Point
PDN039-1,PDN039楮皮羅紋紙 観察ポイント1,paper:Point
PDN039-2,PDN039楮皮羅紋紙 観察ポイント2,paper:Point
PDN039-3,PDN039楮皮羅紋紙 観察ポイント3,paper:Point
PDN039-4,PDN039楮皮羅紋紙 観察ポイント4,paper:Point
PDN039-5,PDN039楮皮羅紋紙 観察ポイント5,paper:Point
PDN040-1,PDN040原色楮皮紙 観察ポイント1,paper:Point
PDN040-2,PDN040原色楮皮紙 観察ポイント2,paper:Point
PDN040-3,PDN040原色楮皮紙 観察ポイント3,paper:Point
PDN040-4,PDN040原色楮皮紙 観察ポイント4,paper:Point
PDN040-5,PDN040原色楮皮紙 観察ポイント5,paper:Point
PEJ041-1,PEJ041迎春一号 観察ポイント1,paper:Point
PEJ041-2,PEJ041迎春一号 観察ポイント2,paper:Point
PEJ041-3,PEJ041迎春一号 観察ポイント3,paper:Point
PEJ041-4,PEJ041迎春一号 観察ポイント4,paper:Point
PEJ041-5,PEJ041迎春一号 観察ポイント5,paper:Point
PEJ042-1,PEJ042迎春二号 観察ポイント1,paper:Point
PEJ042-2,PEJ042迎春二号 観察ポイント2,paper:Point
PEJ042-3,PEJ042迎春二号 観察ポイント3,paper:Point
PEJ042-4,PEJ042迎春二号 観察ポイント4,paper:Point
PEJ042-5,PEJ042迎春二号 観察ポイント5,paper:Point
PEI043-1,PEI043純皮樹紙 観察ポイント1,paper:Point
PEI043-2,PEI043純皮樹紙 観察ポイント2,paper:Point
PEI043-3,PEI043純皮樹紙 観察ポイント3,paper:Point
PEI043-4,PEI043純皮樹紙 観察ポイント4,paper:Point
PEI043-5,PEI043純皮樹紙 観察ポイント5,paper:Point
PEK045-1,PEK045十八号紙 観察ポイント1,paper:Point
PEK045-2,PEK045十八号紙 観察ポイント2,paper:Point
PEK045-3,PEK045十八号紙 観察ポイント3,paper:Point
PEK045-4,PEK045十八号紙 観察ポイント4,paper:Point
PEK045-5,PEK045十八号紙 観察ポイント5,paper:Point
PIL046-1,PIL046新疆桑皮紙 観察ポイント1,paper:Point
PIL046-2,PIL046新疆桑皮紙 観察ポイント2,paper:Point
PIL046-3,PIL046新疆桑皮紙 観察ポイント3,paper:Point
PIL046-4,PIL046新疆桑皮紙 観察ポイント4,paper:Point
PIL046-5,PIL046新疆桑皮紙 観察ポイント5,paper:Point
PEO048-1,PEO048桑皮紙 観察ポイント1,paper:Point
PEO048-2,PEO048桑皮紙 観察ポイント2,paper:Point
PEO048-3,PEO048桑皮紙 観察ポイント3,paper:Point
PEO048-4,PEO048桑皮紙 観察ポイント4,paper:Point
PEO048-5,PEO048桑皮紙 観察ポイント5,paper:Point
